data,region,pb95,pb98,on
2026-09-21,polska,7.86,8.38,8.84
2026-09-21,dolnośląskie,7.97,8.51,8.89
2026-09-21,kujawsko-pomorskie,7.82,8.81,8.78
2026-09-21,lubelskie,7.98,8.44,8.91
2026-09-21,lubuskie,7.29,,
2026-09-21,łódzkie,7.85,8.08,9.12
2026-09-21,małopolskie,7.84,8.31,8.58
2026-09-21,mazowieckie,7.97,8.42,8.93
2026-09-21,opolskie,7.84,8.59,8.67
2026-09-21,podkarpackie,7.80,8.50,8.00
2026-09-21,podlaskie,7.86,,8.92
2026-09-21,pomorskie,7.82,8.39,8.89
2026-09-21,śląskie,7.76,7.91,8.86
2026-09-21,świętokrzyskie,7.79,,9.00
2026-09-21,warmińsko-mazurskie,,,9.01
2026-09-21,wielkopolskie,7.91,8.48,8.62
2026-09-21,zachodniopomorskie,7.86,8.53,8.86
2026-09-22,polska,7.87,8.41,8.79
2026-09-22,dolnośląskie,7.97,8.65,8.73
2026-09-22,kujawsko-pomorskie,7.84,8.81,8.80
2026-09-22,lubelskie,7.96,8.44,8.95
2026-09-22,lubuskie,7.44,,
2026-09-22,łódzkie,7.88,8.08,9.21
2026-09-22,małopolskie,7.85,8.31,8.55
2026-09-22,mazowieckie,7.97,8.42,8.99
2026-09-22,opolskie,7.86,8.59,8.67
2026-09-22,podkarpackie,7.96,8.50,7.60
2026-09-22,podlaskie,7.86,8.73,8.92
2026-09-22,pomorskie,7.85,7.99,8.88
2026-09-22,śląskie,7.85,7.77,8.55
2026-09-22,świętokrzyskie,7.63,,9.00
2026-09-22,warmińsko-mazurskie,,,9.01
2026-09-22,wielkopolskie,7.89,8.29,8.62
2026-09-22,zachodniopomorskie,7.89,8.50,8.88
2026-09-23,polska,7.87,8.49,8.81
2026-09-23,dolnośląskie,8.01,8.60,8.64
2026-09-23,kujawsko-pomorskie,7.81,8.81,8.86
2026-09-23,lubelskie,7.93,8.44,9.00
2026-09-23,lubuskie,7.44,,
2026-09-23,łódzkie,7.79,8.26,9.13
2026-09-23,małopolskie,7.88,8.69,8.55
2026-09-23,mazowieckie,7.96,8.54,9.01
2026-09-23,opolskie,7.86,8.59,8.62
2026-09-23,podkarpackie,7.97,8.50,7.96
2026-09-23,podlaskie,7.83,8.73,
2026-09-23,pomorskie,7.86,7.99,8.85
2026-09-23,śląskie,7.89,8.03,8.71
2026-09-23,świętokrzyskie,7.63,,9.01
2026-09-23,warmińsko-mazurskie,,,9.05
2026-09-23,wielkopolskie,7.89,8.29,8.73
2026-09-23,zachodniopomorskie,7.90,8.80,8.88
2026-09-24,polska,7.87,8.53,8.84
2026-09-24,dolnośląskie,7.72,8.60,8.64
2026-09-24,kujawsko-pomorskie,7.79,,8.86
2026-09-24,lubelskie,7.93,8.44,8.98
2026-09-24,lubuskie,7.94,,
2026-09-24,łódzkie,7.79,8.26,9.07
2026-09-24,małopolskie,7.90,8.69,8.88
2026-09-24,mazowieckie,8.00,8.54,8.97
2026-09-24,opolskie,7.86,8.59,8.56
2026-09-24,podkarpackie,7.97,,8.30
2026-09-24,podlaskie,7.83,,8.99
2026-09-24,pomorskie,7.85,7.83,8.96
2026-09-24,śląskie,7.87,8.57,8.56
2026-09-24,świętokrzyskie,7.78,,9.01
2026-09-24,warmińsko-mazurskie,,,9.05
2026-09-24,wielkopolskie,7.89,8.57,8.70
2026-09-24,zachodniopomorskie,7.88,8.80,8.88
2026-09-25,polska,7.87,8.54,8.83
2026-09-25,dolnośląskie,7.65,8.60,8.55
2026-09-25,kujawsko-pomorskie,7.64,,8.84
2026-09-25,lubelskie,7.92,8.44,8.97
2026-09-25,lubuskie,7.96,,
2026-09-25,łódzkie,7.83,8.26,9.07
2026-09-25,małopolskie,7.91,8.69,8.88
2026-09-25,mazowieckie,8.01,8.52,8.97
2026-09-25,opolskie,7.85,8.59,8.56
2026-09-25,podkarpackie,7.97,,8.30
2026-09-25,podlaskie,7.81,8.20,8.99
2026-09-25,pomorskie,7.79,7.83,8.92
2026-09-25,śląskie,7.88,8.53,8.56
2026-09-25,świętokrzyskie,7.94,,9.01
2026-09-25,warmińsko-mazurskie,,,9.05
2026-09-25,wielkopolskie,7.95,8.84,8.76
2026-09-25,zachodniopomorskie,7.85,8.80,8.88
2026-09-26,polska,7.87,8.61,8.83
2026-09-26,dolnośląskie,7.69,8.56,8.55
2026-09-26,kujawsko-pomorskie,7.61,8.64,8.85
2026-09-26,lubelskie,7.89,,8.99
2026-09-26,lubuskie,7.90,,9.14
2026-09-26,łódzkie,7.69,8.62,9.13
2026-09-26,małopolskie,7.91,8.69,8.88
2026-09-26,mazowieckie,7.95,8.60,8.97
2026-09-26,opolskie,7.90,8.59,8.54
2026-09-26,podkarpackie,7.94,,8.30
2026-09-26,podlaskie,7.69,,8.99
2026-09-26,pomorskie,7.85,7.66,8.82
2026-09-26,śląskie,7.90,8.59,8.75
2026-09-26,świętokrzyskie,7.97,,9.19
2026-09-26,warmińsko-mazurskie,,,9.05
2026-09-26,wielkopolskie,7.98,8.84,8.76
2026-09-26,zachodniopomorskie,7.85,8.85,8.92
2026-09-27,polska,7.90,8.60,8.85
2026-09-27,dolnośląskie,7.69,8.56,8.12
2026-09-27,kujawsko-pomorskie,7.71,8.64,8.83
2026-09-27,lubelskie,7.92,9.00,9.04
2026-09-27,lubuskie,8.26,,9.14
2026-09-27,łódzkie,7.75,8.40,9.15
2026-09-27,małopolskie,7.91,8.37,
2026-09-27,mazowieckie,7.97,8.72,8.91
2026-09-27,opolskie,7.99,,8.54
2026-09-27,podkarpackie,7.92,8.69,8.58
2026-09-27,podlaskie,7.94,8.99,8.99
2026-09-27,pomorskie,7.85,7.66,8.85
2026-09-27,śląskie,7.94,8.60,8.75
2026-09-27,świętokrzyskie,8.02,,
2026-09-27,warmińsko-mazurskie,,8.45,
2026-09-27,wielkopolskie,8.02,8.84,8.75
2026-09-27,zachodniopomorskie,7.87,8.85,8.93
2026-09-28,polska,7.91,8.58,8.91
2026-09-28,dolnośląskie,7.71,8.19,9.09
2026-09-28,kujawsko-pomorskie,7.83,8.65,8.97
2026-09-28,lubelskie,7.99,9.00,9.02
2026-09-28,lubuskie,8.26,,9.14
2026-09-28,łódzkie,7.82,8.35,9.15
2026-09-28,małopolskie,7.95,8.37,8.76
2026-09-28,mazowieckie,7.86,8.84,8.88
2026-09-28,opolskie,7.88,,8.51
2026-09-28,podkarpackie,8.00,8.69,8.89
2026-09-28,podlaskie,7.94,8.99,8.99
2026-09-28,pomorskie,7.86,8.06,8.94
2026-09-28,śląskie,7.92,8.67,8.92
2026-09-28,świętokrzyskie,8.02,,9.14
2026-09-28,warmińsko-mazurskie,,8.45,
2026-09-28,wielkopolskie,8.05,8.89,8.88
2026-09-28,zachodniopomorskie,7.91,8.88,8.94
2026-09-29,polska,7.95,8.61,8.94
2026-09-29,dolnośląskie,7.76,8.58,9.09
2026-09-29,kujawsko-pomorskie,7.95,8.65,8.97
2026-09-29,lubelskie,8.07,8.88,9.03
2026-09-29,lubuskie,8.17,,9.14
2026-09-29,łódzkie,7.85,8.26,9.11
2026-09-29,małopolskie,7.99,8.37,8.76
2026-09-29,mazowieckie,7.87,8.88,8.91
2026-09-29,opolskie,7.88,,8.51
2026-09-29,podkarpackie,8.03,8.69,8.99
2026-09-29,podlaskie,8.17,8.99,8.97
2026-09-29,pomorskie,7.89,8.06,8.94
2026-09-29,śląskie,7.94,8.64,8.92
2026-09-29,świętokrzyskie,8.08,,9.14
2026-09-29,warmińsko-mazurskie,7.99,8.45,
2026-09-29,wielkopolskie,8.02,8.89,8.88
2026-09-29,zachodniopomorskie,7.91,8.88,8.94
2026-09-30,polska,7.97,8.68,8.95
2026-09-30,dolnośląskie,8.04,8.58,9.09
2026-09-30,kujawsko-pomorskie,8.00,8.65,8.97
2026-09-30,lubelskie,8.05,8.88,9.03
2026-09-30,lubuskie,8.21,,9.14
2026-09-30,łódzkie,7.90,8.26,9.03
2026-09-30,małopolskie,8.03,8.04,8.90
2026-09-30,mazowieckie,7.87,8.86,8.93
2026-09-30,opolskie,7.88,,8.51
2026-09-30,podkarpackie,8.02,8.69,8.96
2026-09-30,podlaskie,7.78,8.99,8.94
2026-09-30,pomorskie,7.90,8.19,8.95
2026-09-30,śląskie,7.97,8.64,9.14
2026-09-30,świętokrzyskie,8.08,,9.14
2026-09-30,warmińsko-mazurskie,7.99,8.45,
2026-09-30,wielkopolskie,8.03,8.97,8.93
2026-09-30,zachodniopomorskie,8.01,8.91,8.96
2026-10-01,polska,8.00,8.73,9.01
2026-10-01,dolnośląskie,8.06,8.58,9.09
2026-10-01,kujawsko-pomorskie,8.15,8.65,9.07
2026-10-01,lubelskie,8.09,8.88,9.01
2026-10-01,lubuskie,8.28,,9.20
2026-10-01,łódzkie,7.87,8.26,9.03
2026-10-01,małopolskie,8.06,8.76,9.01
2026-10-01,mazowieckie,7.90,8.90,8.99
2026-10-01,opolskie,7.93,,8.51
2026-10-01,podkarpackie,8.01,8.69,8.96
2026-10-01,podlaskie,7.98,8.50,8.94
2026-10-01,pomorskie,7.97,8.39,8.90
2026-10-01,śląskie,8.00,8.77,9.14
2026-10-01,świętokrzyskie,7.98,,9.14
2026-10-01,warmińsko-mazurskie,7.99,8.67,
2026-10-01,wielkopolskie,8.07,8.97,9.00
2026-10-01,zachodniopomorskie,8.05,8.98,9.08
2026-10-02,polska,7.99,8.75,9.01
2026-10-02,dolnośląskie,8.08,8.58,9.02
2026-10-02,kujawsko-pomorskie,8.11,8.65,9.07
2026-10-02,lubelskie,8.09,8.88,8.99
2026-10-02,lubuskie,8.01,,9.26
2026-10-02,łódzkie,7.91,8.10,9.01
2026-10-02,małopolskie,7.95,8.76,9.01
2026-10-02,mazowieckie,7.93,8.89,8.99
2026-10-02,opolskie,7.93,,
2026-10-02,podkarpackie,8.05,8.69,8.96
2026-10-02,podlaskie,7.78,8.50,8.94
2026-10-02,pomorskie,7.97,8.46,8.93
2026-10-02,śląskie,8.00,8.82,9.14
2026-10-02,świętokrzyskie,8.19,8.69,9.14
2026-10-02,warmińsko-mazurskie,7.99,8.67,
2026-10-02,wielkopolskie,8.08,8.97,9.00
2026-10-02,zachodniopomorskie,8.04,8.93,9.07
2026-10-03,polska,7.96,8.75,8.98
2026-10-03,dolnośląskie,8.14,8.58,9.01
2026-10-03,kujawsko-pomorskie,8.11,8.65,8.99
2026-10-03,lubelskie,8.11,8.75,8.99
2026-10-03,lubuskie,7.82,,9.26
2026-10-03,łódzkie,7.91,8.19,9.14
2026-10-03,małopolskie,7.94,8.60,9.01
2026-10-03,mazowieckie,7.91,8.92,9.02
2026-10-03,opolskie,7.93,,8.18
2026-10-03,podkarpackie,8.04,,8.90
2026-10-03,podlaskie,7.64,8.01,8.91
2026-10-03,pomorskie,7.97,8.62,8.95
2026-10-03,śląskie,7.97,8.82,9.12
2026-10-03,świętokrzyskie,8.19,8.69,
2026-10-03,warmińsko-mazurskie,7.99,8.89,
2026-10-03,wielkopolskie,7.82,8.97,9.08
2026-10-03,zachodniopomorskie,8.07,8.93,9.07
2026-10-04,polska,7.74,8.42,8.85
2026-10-04,dolnośląskie,7.88,8.96,8.57
2026-10-04,kujawsko-pomorskie,8.08,,
2026-10-04,lubelskie,8.08,8.75,9.02
2026-10-04,lubuskie,7.60,,9.26
2026-10-04,łódzkie,7.65,,9.14
2026-10-04,małopolskie,7.54,8.60,9.06
2026-10-04,mazowieckie,7.77,8.31,8.68
2026-10-04,opolskie,7.97,7.29,8.18
2026-10-04,podkarpackie,7.97,,8.56
2026-10-04,podlaskie,7.11,8.01,8.91
2026-10-04,pomorskie,7.72,8.14,8.92
2026-10-04,śląskie,7.73,6.38,9.12
2026-10-04,świętokrzyskie,7.44,8.69,8.90
2026-10-04,warmińsko-mazurskie,7.85,8.89,8.97
2026-10-04,wielkopolskie,7.57,8.99,8.96
2026-10-04,zachodniopomorskie,7.73,7.74,9.09
2026-10-05,polska,7.52,8.20,8.61
2026-10-05,dolnośląskie,7.57,,8.40
2026-10-05,kujawsko-pomorskie,8.09,,7.78
2026-10-05,lubelskie,7.56,7.59,9.01
2026-10-05,lubuskie,7.60,7.24,9.26
2026-10-05,łódzkie,7.33,,8.12
2026-10-05,małopolskie,7.03,8.60,8.72
2026-10-05,mazowieckie,7.57,7.93,8.40
2026-10-05,opolskie,7.18,7.29,7.91
2026-10-05,podkarpackie,7.96,,8.47
2026-10-05,podlaskie,7.11,8.01,8.88
2026-10-05,pomorskie,7.67,8.08,8.31
2026-10-05,śląskie,7.52,6.91,8.70
2026-10-05,świętokrzyskie,7.20,8.69,8.90
2026-10-05,warmińsko-mazurskie,7.71,8.89,8.97
2026-10-05,wielkopolskie,7.37,7.99,8.25
2026-10-05,zachodniopomorskie,7.49,7.74,9.09
2026-10-06,polska,7.30,7.91,8.45
2026-10-06,dolnośląskie,7.24,6.75,8.23
2026-10-06,kujawsko-pomorskie,8.03,8.49,7.78
2026-10-06,lubelskie,7.09,7.59,8.82
2026-10-06,lubuskie,7.17,7.24,9.26
2026-10-06,łódzkie,7.07,7.29,8.12
2026-10-06,małopolskie,6.97,7.76,8.57
2026-10-06,mazowieckie,7.43,7.86,8.39
2026-10-06,opolskie,7.18,7.29,7.91
2026-10-06,podkarpackie,7.96,,8.28
2026-10-06,podlaskie,6.76,8.01,8.88
2026-10-06,pomorskie,7.50,8.08,8.31
2026-10-06,śląskie,7.34,6.91,8.46
2026-10-06,świętokrzyskie,7.20,7.67,8.90
2026-10-06,warmińsko-mazurskie,7.16,,8.97
2026-10-06,wielkopolskie,7.14,7.91,8.33
2026-10-06,zachodniopomorskie,7.49,7.74,9.07
